Thu Apr 28 2022  15:56:44 GMT+0530 (India Standard Time), BROKEN
Thu Apr 28 2022  15:56:45 GMT+0530 (India Standard Time), BROKEN
Thu Apr 28 2022  15:57:36 GMT+0530 (India Standard Time), BROKEN
Thu Apr 28 2022  15:59:08 GMT+0530 (India Standard Time), BROKEN
Thu Apr 28 2022  15:59:16 GMT+0530 (India Standard Time), BROKEN
Thu Apr 28 2022  16:00:06 GMT+0530 (India Standard Time), BROKEN
Thu Apr 28 2022  16:00:23 GMT+0530 (India Standard Time), BROKEN
Thu Apr 28 2022  16:00:35 GMT+0530 (India Standard Time), BROKEN
Thu Apr 28 2022  16:09:53 GMT+0530 (India Standard Time), jwt is not defined
Tue May 03 2022  13:32:43 GMT+0530 (India Standard Time), BROKEN
